SupplierPartNumber,Partnumber,Cost
Dorman HW7047,38004869,4.89
ACD 104006,35235027,16.91
MoRad-CH3056,50001074,2.12
DOR-38378,50000074,1.63
RDS13314-1,50000924,3.59
FEL-60052,52556937,0.76
Hast-GF12,52888215,5.47
8548PT-2,35200061,8.19
DORMAN-04990,35230588,1.84
FD-8183V,35230535,7.69
Timken HM89410,35231031,9.51
2057na,35231122,0.89
AGX-20,35232600,0.69
distributor-302809,35233059,0.56
OS 30217 C,35233863,11.11
K8118_wrong,35234471,1.86
335-1201,35235539,34.79
VK115,35241936,3.83
223-3501,35270266,3.63
AIRTEXE8151,35271039,0.35
PF61F,35271500,3.97
224-41146,35271680,51.79
FO-15,38000571,3.14
sp509,38001188,2.06
Autolite AP24,38001638,1.36
OS 13260 T,38001946,33.79
272ap20,38003193,23.79
WAG-97,38003754,5.16
FEL 60059,38004061,1.42
VS 13264 R,38004088,10.84
dorman-610153,38004102,1.84
ANCHOR-2220,38004118,6.96
Spec-SP1058MP,38004129,1.08
FS7916PT-2,38004191,69.79
EDEL-258303,38004212,9.05
ANCHOR-2225,38004345,6.96
EDEL-80408,38004473,9.05
FEL-4828,38004530,0.76
610-109.1,38004566,1.62
Seal51322,38004583,0.21
Raybestos H7045,38004871,6.93
Raybestos H7102,38004872,6.85
Raybestos H2515,38004875,7.41
Raybestos H2514,38004876,7.00
SS13364-1,38005298,6.13
wc17507,38005590,5.96
EDEL-70653,38005896,9.05
9569s,38005971,1.02
EDEL_70689,38006194,9.05
EDEL-70687,38006225,9.05
EDEL-70652,38006666,9.05
DORMAN-W55891,38006959,1.84
DORMAN-W55890,38006960,1.84
DS-180,38007561,16.72
MS 96010,38007733,24.99
EDELMANN-8501,38007744,9.05
Dorman 090005,38007745,1.58
Edel-70669,38007861,9.05
Carter M6399,38008028,14.56
FS-7916PT2,38008720,69.79
FS8548PT-16,38008723,62.79
dorman-742250,38010575,1.84
120.61085,38011055,36.79
120.61086,38011056,41.79
120.61087,38011057,26.79
272AP40,38011112,23.79
125.61116,38021974,139.99
134.66007,38023219,15.44
134.66008,38023220,15.44
seal-6840S,38029305,0.66
seal-5126,38029308,0.21
Stand-V282,50000203,0.43
ACD  FR5LS,50000219,1.82
Carter M4004,50000418,31.79
Dayco 17540,50000625,11.08
MAHLE K27147,50047553,3.43
RDS 11724,50054552,3.90
TCS 13059-1,50054926,12.07
AT-872,50194108,4.65
090-052,50405732,1.32
090-172,50405824,1.76
170-155,50406153,31.99
Dorman-P7506P,50430928,1.84
DORMAN-56387,50434683,1.84
520-389,50440377,54.79
594-269,50443539,75.79
604-261,50444850,3.70
604-262,50444851,10.19
902-210,50451799,17.51
DORMAN-932203,50454500,1.84
932-204,50454501,62.79
VS-682,50465962,2.50
V-1875,50613020,4.82
106.04110,50617971,57.89
123.62000,50620173,33.99
B-66,50674433,8.32
FG-104,50679949,4.56
JO-15,50679963,0.80
111.01540,50713161,27.79
111.02440,50713162,22.79
105.17840,52556799,33.79
105.17910,52556800,30.89
105.17930,52556801,24.79
336-1789,52556934,39.79
336-1849,52556963,39.79
BR3Z-19703-C,52557667,564.79
ACD-GF124,52607282,1.77
926-578,52607446,44.79
ACDelco-TR14,52618883,1.77
102.00080,52626588,12.07
111.01520,52628188,30.79
134.62013,52628172,19.26
134.62014,52634489,19.29
111.07410,52641878,23.79
135.64005,52646904,7.85
135.64006,52646905,7.85
902-1033,52668513,10.33
090-175.1,52670597,2.59
7200-160,52673492,7.93
7200-180,52673493,7.93
7200-195,52673494,7.93
ACD-17228B,52678464,1.77
Dorman-03147,52678659,1.84
ACD-520284,52679090,1.77
dorman-54000,52686232,1.84
BR3Z-5A231-D,52743459,10.05
2R8Z-18495-AA,52754579,65.79
BRP791,52754869,4.03
9R3Z-1012-A,52756381,2.07
MEL-MPR309,52759873,0.76
MPR-280,52759860,2.12
MPR-311,52759878,1.58
MRK-511,52760166,16.49
MEL-V0742,52760877,0.76
MEL-V0947,52760906,0.76
DR3Z-1125-B,52763860,41.79
ACD-520179,52770673,1.77
9-5587,52776015,31.79
097-826,52779091,4.07
Timken 307L,52806521,33.89
171-05R,52815955,3.69
58-184,52816071,1.68
MOG255,52821442,4.17
CH-8281,52831436,67.99
NBRC-15-RM,52880111,69.79
NBRC-16-RM,52880112,56.79
WPT-1492,52889711,33.79
XY-75W85-QL,52890291,21.79
WPT-850,52890327,34.79
Quick Steer K8035,52891894,17.58
565-077,52892344,4.47
SS-555-HD,52892725,20.79
FEL-TS6238,52893408,0.76
SYB-25,52893684,139.99
FRG-132F,52893826,21.79
WAL-36522,52893883,2.76
122.61010,53077431,47.89
FOTZ-12029-A,53078182,20.79
EV-152-D,53083804,25.79
FEL TCS46182,53084547,35.79
Dorman 700-525BX,38003499,0.20
Mahle-F7192,38020959,9.20
Wag-3157NA,38000897,1.44
MEF 296,37000736,13.69
EDEL-70629,38007859,9.05
